ProductKey,Product_Item_Code,ProductSubcategoryKey,Product_Name,Product_Color,Product_Size,Product_Line,Product_Model_Name,Product_Category,Sub_Category,Product_Status
1,AR-5381,NULL,Adjustable Race,NA,NULL,NULL,NULL,NULL,NULL,Current
2,BA-8327,NULL,Bearing Ball,NA,NULL,NULL,NULL,NULL,NULL,Current
3,BE-2349,NULL,BB Ball Bearing,NA,NULL,NULL,NULL,NULL,NULL,Current
4,BE-2908,NULL,Headset Ball Bearings,NA,NULL,NULL,NULL,NULL,NULL,Current
5,BL-2036,NULL,Blade,NA,NULL,NULL,NULL,NULL,NULL,Current
6,CA-5965,NULL,LL Crankarm,Black,NULL,NULL,NULL,NULL,NULL,Current
7,CA-6738,NULL,ML Crankarm,Black,NULL,NULL,NULL,NULL,NULL,Current
8,CA-7457,NULL,HL Crankarm,Black,NULL,NULL,NULL,NULL,NULL,Current
9,CB-2903,NULL,Chainring Bolts,Silver,NULL,NULL,NULL,NULL,NULL,Current
10,CN-6137,NULL,Chainring Nut,Silver,NULL,NULL,NULL,NULL,NULL,Current
11,CR-7833,NULL,Chainring,Black,NULL,NULL,NULL,NULL,NULL,Current
12,CR-9981,NULL,Crown Race,NA,NULL,NULL,NULL,NULL,NULL,Current
13,CS-2812,NULL,Chain Stays,NA,NULL,NULL,NULL,NULL,NULL,Current
14,DC-8732,NULL,Decal 1,NA,NULL,NULL,NULL,NULL,NULL,Current
15,DC-9824,NULL,Decal 2,NA,NULL,NULL,NULL,NULL,NULL,Current
16,DT-2377,NULL,Down Tube,NA,NULL,NULL,NULL,NULL,NULL,Current
17,EC-M092,NULL,Mountain End Caps,NA,NULL,NULL,NULL,NULL,NULL,Current
18,EC-R098,NULL,Road End Caps,NA,NULL,NULL,NULL,NULL,NULL,Current
19,EC-T209,NULL,Touring End Caps,NA,NULL,NULL,NULL,NULL,NULL,Current
20,FE-3760,NULL,Fork End,NA,NULL,NULL,NULL,NULL,NULL,Current
21,FH-2981,NULL,Freewheel,Silver,NULL,NULL,NULL,NULL,NULL,Current
22,FW-1000,NULL,Flat Washer 1,NA,NULL,NULL,NULL,NULL,NULL,Current
23,FW-1200,NULL,Flat Washer 6,NA,NULL,NULL,NULL,NULL,NULL,Current
24,FW-1400,NULL,Flat Washer 2,NA,NULL,NULL,NULL,NULL,NULL,Current
25,FW-3400,NULL,Flat Washer 9,NA,NULL,NULL,NULL,NULL,NULL,Current
26,FW-3800,NULL,Flat Washer 4,NA,NULL,NULL,NULL,NULL,NULL,Current
27,FW-5160,NULL,Flat Washer 3,NA,NULL,NULL,NULL,NULL,NULL,Current
28,FW-5800,NULL,Flat Washer 8,NA,NULL,NULL,NULL,NULL,NULL,Current
29,FW-7160,NULL,Flat Washer 5,NA,NULL,NULL,NULL,NULL,NULL,Current
30,FW-9160,NULL,Flat Washer 7,NA,NULL,NULL,NULL,NULL,NULL,Current
31,FC-3654,NULL,Fork Crown,NA,NULL,NULL,NULL,NULL,NULL,Current
32,FC-3982,NULL,Front Derailleur Cage,Silver,NULL,NULL,NULL,NULL,NULL,Current
33,FL-2301,NULL,Front Derailleur Linkage,Silver,NULL,NULL,NULL,NULL,NULL,Current
34,GP-0982,NULL,Guide Pulley,NA,NULL,NULL,NULL,NULL,NULL,Current
35,GT-0820,NULL,LL Grip Tape,NA,NULL,NULL,NULL,NULL,NULL,Current
36,GT-1209,NULL,ML Grip Tape,NA,NULL,NULL,NULL,NULL,NULL,Current
37,GT-2908,NULL,HL Grip Tape,NA,NULL,NULL,NULL,NULL,NULL,Current
38,HJ-1213,NULL,Thin-Jam Hex Nut 9,NA,NULL,NULL,NULL,NULL,NULL,Current
39,HJ-1220,NULL,Thin-Jam Hex Nut 10,NA,NULL,NULL,NULL,NULL,NULL,Current
40,HJ-1420,NULL,Thin-Jam Hex Nut 1,NA,NULL,NULL,NULL,NULL,NULL,Current
41,HJ-1428,NULL,Thin-Jam Hex Nut 2,NA,NULL,NULL,NULL,NULL,NULL,Current
42,HJ-3410,NULL,Thin-Jam Hex Nut 15,NA,NULL,NULL,NULL,NULL,NULL,Current
43,HJ-3416,NULL,Thin-Jam Hex Nut 16,NA,NULL,NULL,NULL,NULL,NULL,Current
44,HJ-3816,NULL,Thin-Jam Hex Nut 5,NA,NULL,NULL,NULL,NULL,NULL,Current
45,HJ-3824,NULL,Thin-Jam Hex Nut 6,NA,NULL,NULL,NULL,NULL,NULL,Current
46,HJ-5161,NULL,Thin-Jam Hex Nut 3,NA,NULL,NULL,NULL,NULL,NULL,Current
47,HJ-5162,NULL,Thin-Jam Hex Nut 4,NA,NULL,NULL,NULL,NULL,NULL,Current
48,HJ-5811,NULL,Thin-Jam Hex Nut 13,NA,NULL,NULL,NULL,NULL,NULL,Current
49,HJ-5818,NULL,Thin-Jam Hex Nut 14,NA,NULL,NULL,NULL,NULL,NULL,Current
50,HJ-7161,NULL,Thin-Jam Hex Nut 7,NA,NULL,NULL,NULL,NULL,NULL,Current
51,HJ-7162,NULL,Thin-Jam Hex Nut 8,NA,NULL,NULL,NULL,NULL,NULL,Current
52,HJ-9080,NULL,Thin-Jam Hex Nut 12,NA,NULL,NULL,NULL,NULL,NULL,Current
53,HJ-9161,NULL,Thin-Jam Hex Nut 11,NA,NULL,NULL,NULL,NULL,NULL,Current
54,HN-1024,NULL,Hex Nut 5,NA,NULL,NULL,NULL,NULL,NULL,Current
55,HN-1032,NULL,Hex Nut 6,NA,NULL,NULL,NULL,NULL,NULL,Current
56,HN-1213,NULL,Hex Nut 16,NA,NULL,NULL,NULL,NULL,NULL,Current
57,HN-1220,NULL,Hex Nut 17,NA,NULL,NULL,NULL,NULL,NULL,Current
58,HN-1224,NULL,Hex Nut 7,NA,NULL,NULL,NULL,NULL,NULL,Current
59,HN-1420,NULL,Hex Nut 8,NA,NULL,NULL,NULL,NULL,NULL,Current
60,HN-1428,NULL,Hex Nut 9,NA,NULL,NULL,NULL,NULL,NULL,Current
61,HN-3410,NULL,Hex Nut 22,NA,NULL,NULL,NULL,NULL,NULL,Current
62,HN-3416,NULL,Hex Nut 23,NA,NULL,NULL,NULL,NULL,NULL,Current
63,HN-3816,NULL,Hex Nut 12,NA,NULL,NULL,NULL,NULL,NULL,Current
64,HN-3824,NULL,Hex Nut 13,NA,NULL,NULL,NULL,NULL,NULL,Current
65,HN-4402,NULL,Hex Nut 1,NA,NULL,NULL,NULL,NULL,NULL,Current
66,HN-5161,NULL,Hex Nut 10,NA,NULL,NULL,NULL,NULL,NULL,Current
67,HN-5162,NULL,Hex Nut 11,NA,NULL,NULL,NULL,NULL,NULL,Current
68,HN-5400,NULL,Hex Nut 2,NA,NULL,NULL,NULL,NULL,NULL,Current
69,HN-5811,NULL,Hex Nut 20,NA,NULL,NULL,NULL,NULL,NULL,Current
70,HN-5818,NULL,Hex Nut 21,NA,NULL,NULL,NULL,NULL,NULL,Current
71,HN-6320,NULL,Hex Nut 3,NA,NULL,NULL,NULL,NULL,NULL,Current
72,HN-7161,NULL,Hex Nut 14,NA,NULL,NULL,NULL,NULL,NULL,Current
73,HN-7162,NULL,Hex Nut 15,NA,NULL,NULL,NULL,NULL,NULL,Current
74,HN-8320,NULL,Hex Nut 4,NA,NULL,NULL,NULL,NULL,NULL,Current
75,HN-9161,NULL,Hex Nut 18,NA,NULL,NULL,NULL,NULL,NULL,Current
76,HN-9168,NULL,Hex Nut 19,NA,NULL,NULL,NULL,NULL,NULL,Current
77,HT-2981,NULL,Handlebar Tube,NA,NULL,NULL,NULL,NULL,NULL,Current
78,HT-8019,NULL,Head Tube,NA,NULL,NULL,NULL,NULL,NULL,Current
79,HU-6280,NULL,LL Hub,NA,NULL,NULL,NULL,NULL,NULL,Current
80,HU-8998,NULL,HL Hub,NA,NULL,NULL,NULL,NULL,NULL,Current
81,KW-4091,NULL,Keyed Washer,NA,NULL,NULL,NULL,NULL,NULL,Current
82,LE-1000,NULL,External Lock Washer 3,NA,NULL,NULL,NULL,NULL,NULL,Current
83,LE-1200,NULL,External Lock Washer 4,NA,NULL,NULL,NULL,NULL,NULL,Current
84,LE-1201,NULL,External Lock Washer 9,NA,NULL,NULL,NULL,NULL,NULL,Current
85,LE-1400,NULL,External Lock Washer 5,NA,NULL,NULL,NULL,NULL,NULL,Current
86,LE-3800,NULL,External Lock Washer 7,NA,NULL,NULL,NULL,NULL,NULL,Current
87,LE-5160,NULL,External Lock Washer 6,NA,NULL,NULL,NULL,NULL,NULL,Current
88,LE-6000,NULL,External Lock Washer 1,NA,NULL,NULL,NULL,NULL,NULL,Current
89,LE-7160,NULL,External Lock Washer 8,NA,NULL,NULL,NULL,NULL,NULL,Current
90,LE-8000,NULL,External Lock Washer 2,NA,NULL,NULL,NULL,NULL,NULL,Current
91,LI-1000,NULL,Internal Lock Washer 3,NA,NULL,NULL,NULL,NULL,NULL,Current
92,LI-1200,NULL,Internal Lock Washer 4,NA,NULL,NULL,NULL,NULL,NULL,Current
93,LI-1201,NULL,Internal Lock Washer 9,NA,NULL,NULL,NULL,NULL,NULL,Current
94,LI-1400,NULL,Internal Lock Washer 5,NA,NULL,NULL,NULL,NULL,NULL,Current
95,LI-3800,NULL,Internal Lock Washer 7,NA,NULL,NULL,NULL,NULL,NULL,Current
96,LI-5160,NULL,Internal Lock Washer 6,NA,NULL,NULL,NULL,NULL,NULL,Current
97,LI-5800,NULL,Internal Lock Washer 10,NA,NULL,NULL,NULL,NULL,NULL,Current
98,LI-6000,NULL,Internal Lock Washer 1,NA,NULL,NULL,NULL,NULL,NULL,Current
99,LI-7160,NULL,Internal Lock Washer 8,NA,NULL,NULL,NULL,NULL,NULL,Current
100,LI-8000,NULL,Internal Lock Washer 2,NA,NULL,NULL,NULL,NULL,NULL,Current
101,LJ-1213,NULL,Thin-Jam Lock Nut 9,NA,NULL,NULL,NULL,NULL,NULL,Current
102,LJ-1220,NULL,Thin-Jam Lock Nut 10,NA,NULL,NULL,NULL,NULL,NULL,Current
103,LJ-1420,NULL,Thin-Jam Lock Nut 1,NA,NULL,NULL,NULL,NULL,NULL,Current
104,LJ-1428,NULL,Thin-Jam Lock Nut 2,NA,NULL,NULL,NULL,NULL,NULL,Current
105,LJ-3410,NULL,Thin-Jam Lock Nut 15,NA,NULL,NULL,NULL,NULL,NULL,Current
106,LJ-3416,NULL,Thin-Jam Lock Nut 16,NA,NULL,NULL,NULL,NULL,NULL,Current
107,LJ-3816,NULL,Thin-Jam Lock Nut 5,NA,NULL,NULL,NULL,NULL,NULL,Current
108,LJ-3824,NULL,Thin-Jam Lock Nut 6,NA,NULL,NULL,NULL,NULL,NULL,Current
109,LJ-5161,NULL,Thin-Jam Lock Nut 3,NA,NULL,NULL,NULL,NULL,NULL,Current
110,LJ-5162,NULL,Thin-Jam Lock Nut 4,NA,NULL,NULL,NULL,NULL,NULL,Current
111,LJ-5811,NULL,Thin-Jam Lock Nut 13,NA,NULL,NULL,NULL,NULL,NULL,Current
112,LJ-5818,NULL,Thin-Jam Lock Nut 14,NA,NULL,NULL,NULL,NULL,NULL,Current
113,LJ-7161,NULL,Thin-Jam Lock Nut 7,NA,NULL,NULL,NULL,NULL,NULL,Current
114,LJ-7162,NULL,Thin-Jam Lock Nut 8,NA,NULL,NULL,NULL,NULL,NULL,Current
115,LJ-9080,NULL,Thin-Jam Lock Nut 12,NA,NULL,NULL,NULL,NULL,NULL,Current
116,LJ-9161,NULL,Thin-Jam Lock Nut 11,NA,NULL,NULL,NULL,NULL,NULL,Current
117,LN-1024,NULL,Lock Nut 5,NA,NULL,NULL,NULL,NULL,NULL,Current
118,LN-1032,NULL,Lock Nut 6,NA,NULL,NULL,NULL,NULL,NULL,Current
119,LN-1213,NULL,Lock Nut 16,NA,NULL,NULL,NULL,NULL,NULL,Current
120,LN-1220,NULL,Lock Nut 17,NA,NULL,NULL,NULL,NULL,NULL,Current
121,LN-1224,NULL,Lock Nut 7,NA,NULL,NULL,NULL,NULL,NULL,Current
122,LN-1420,NULL,Lock Nut 8,NA,NULL,NULL,NULL,NULL,NULL,Current
123,LN-1428,NULL,Lock Nut 9,NA,NULL,NULL,NULL,NULL,NULL,Current
124,LN-3410,NULL,Lock Nut 22,NA,NULL,NULL,NULL,NULL,NULL,Current
125,LN-3416,NULL,Lock Nut 23,NA,NULL,NULL,NULL,NULL,NULL,Current
126,LN-3816,NULL,Lock Nut 12,NA,NULL,NULL,NULL,NULL,NULL,Current
127,LN-3824,NULL,Lock Nut 13,NA,NULL,NULL,NULL,NULL,NULL,Current
128,LN-4400,NULL,Lock Nut 1,NA,NULL,NULL,NULL,NULL,NULL,Current
129,LN-5161,NULL,Lock Nut 10,NA,NULL,NULL,NULL,NULL,NULL,Current
130,LN-5162,NULL,Lock Nut 11,NA,NULL,NULL,NULL,NULL,NULL,Current
131,LN-5400,NULL,Lock Nut 2,NA,NULL,NULL,NULL,NULL,NULL,Current
132,LN-5811,NULL,Lock Nut 20,NA,NULL,NULL,NULL,NULL,NULL,Current
133,LN-5818,NULL,Lock Nut 21,NA,NULL,NULL,NULL,NULL,NULL,Current
134,LN-6320,NULL,Lock Nut 3,NA,NULL,NULL,NULL,NULL,NULL,Current
135,LN-7161,NULL,Lock Nut 14,NA,NULL,NULL,NULL,NULL,NULL,Current
136,LN-7162,NULL,Lock Nut 15,NA,NULL,NULL,NULL,NULL,NULL,Current
137,LN-8320,NULL,Lock Nut 4,NA,NULL,NULL,NULL,NULL,NULL,Current
138,LN-9080,NULL,Lock Nut 19,NA,NULL,NULL,NULL,NULL,NULL,Current
139,LN-9161,NULL,Lock Nut 18,NA,NULL,NULL,NULL,NULL,NULL,Current
140,LR-2398,NULL,Lock Ring,Silver,NULL,NULL,NULL,NULL,NULL,Current
141,LR-8520,NULL,Lower Head Race,NA,NULL,NULL,NULL,NULL,NULL,Current
142,LW-1000,NULL,Lock Washer 4,NA,NULL,NULL,NULL,NULL,NULL,Current
143,LW-1200,NULL,Lock Washer 5,NA,NULL,NULL,NULL,NULL,NULL,Current
144,LW-1201,NULL,Lock Washer 10,NA,NULL,NULL,NULL,NULL,NULL,Current
145,LW-1400,NULL,Lock Washer 6,NA,NULL,NULL,NULL,NULL,NULL,Current
146,LW-3400,NULL,Lock Washer 13,NA,NULL,NULL,NULL,NULL,NULL,Current
147,LW-3800,NULL,Lock Washer 8,NA,NULL,NULL,NULL,NULL,NULL,Current
148,LW-4000,NULL,Lock Washer 1,NA,NULL,NULL,NULL,NULL,NULL,Current
149,LW-5160,NULL,Lock Washer 7,NA,NULL,NULL,NULL,NULL,NULL,Current
150,LW-5800,NULL,Lock Washer 12,NA,NULL,NULL,NULL,NULL,NULL,Current
151,LW-6000,NULL,Lock Washer 2,NA,NULL,NULL,NULL,NULL,NULL,Current
152,LW-7160,NULL,Lock Washer 9,NA,NULL,NULL,NULL,NULL,NULL,Current
153,LW-8000,NULL,Lock Washer 3,NA,NULL,NULL,NULL,NULL,NULL,Current
154,LW-9160,NULL,Lock Washer 11,NA,NULL,NULL,NULL,NULL,NULL,Current
155,MA-7075,NULL,Metal Angle,NA,NULL,NULL,NULL,NULL,NULL,Current
156,MB-2024,NULL,Metal Bar 1,NA,NULL,NULL,NULL,NULL,NULL,Current
157,MB-6061,NULL,Metal Bar 2,NA,NULL,NULL,NULL,NULL,NULL,Current
158,MP-2066,NULL,Metal Plate 2,NA,NULL,NULL,NULL,NULL,NULL,Current
159,MP-2503,NULL,Metal Plate 1,NA,NULL,NULL,NULL,NULL,NULL,Current
160,MP-4960,NULL,Metal Plate 3,NA,NULL,NULL,NULL,NULL,NULL,Current
161,MS-0253,NULL,Metal Sheet 2,NA,NULL,NULL,NULL,NULL,NULL,Current
162,MS-1256,NULL,Metal Sheet 3,NA,NULL,NULL,NULL,NULL,NULL,Current
163,MS-1981,NULL,Metal Sheet 7,NA,NULL,NULL,NULL,NULL,NULL,Current
164,MS-2259,NULL,Metal Sheet 4,NA,NULL,NULL,NULL,NULL,NULL,Current
165,MS-2341,NULL,Metal Sheet 5,NA,NULL,NULL,NULL,NULL,NULL,Current
166,MS-2348,NULL,Metal Sheet 6,NA,NULL,NULL,NULL,NULL,NULL,Current
167,MS-6061,NULL,Metal Sheet 1,NA,NULL,NULL,NULL,NULL,NULL,Current
168,MT-1000,NULL,Metal Tread Plate,NA,NULL,NULL,NULL,NULL,NULL,Current
169,NI-4127,NULL,LL Nipple,NA,NULL,NULL,NULL,NULL,NULL,Current
170,NI-9522,NULL,HL Nipple,NA,NULL,NULL,NULL,NULL,NULL,Current
171,PA-187B,NULL,Paint - Black,NA,NULL,NULL,NULL,NULL,NULL,Current
172,PA-361R,NULL,Paint - Red,NA,NULL,NULL,NULL,NULL,NULL,Current
173,PA-529S,NULL,Paint - Silver,NA,NULL,NULL,NULL,NULL,NULL,Current
174,PA-632U,NULL,Paint - Blue,NA,NULL,NULL,NULL,NULL,NULL,Current
175,PA-823Y,NULL,Paint - Yellow,NA,NULL,NULL,NULL,NULL,NULL,Current
176,PB-6109,NULL,Pinch Bolt,NA,NULL,NULL,NULL,NULL,NULL,Current
177,RA-2345,NULL,Cup-Shaped Race,NA,NULL,NULL,NULL,NULL,NULL,Current
178,RA-7490,NULL,Cone-Shaped Race,NA,NULL,NULL,NULL,NULL,NULL,Current
179,RF-9198,NULL,Reflector,NA,NULL,NULL,NULL,NULL,NULL,Current
180,RM-M464,NULL,LL Mountain Rim,NA,NULL,NULL,NULL,NULL,NULL,Current
181,RM-M692,NULL,ML Mountain Rim,NA,NULL,NULL,NULL,NULL,NULL,Current
182,RM-M823,NULL,HL Mountain Rim,NA,NULL,NULL,NULL,NULL,NULL,Current
183,RM-R436,NULL,LL Road Rim,NA,NULL,NULL,NULL,NULL,NULL,Current
184,RM-R600,NULL,ML Road Rim,NA,NULL,NULL,NULL,NULL,NULL,Current
185,RM-R800,NULL,HL Road Rim,NA,NULL,NULL,NULL,NULL,NULL,Current
186,RM-T801,NULL,Touring Rim,NA,NULL,NULL,NULL,NULL,NULL,Current
187,SA-M198,NULL,LL Mountain Seat Assembly,NA,NULL,NULL,NULL,NULL,NULL,Current
188,SA-M237,NULL,ML Mountain Seat Assembly,NA,NULL,NULL,NULL,NULL,NULL,Current
189,SA-M687,NULL,HL Mountain Seat Assembly,NA,NULL,NULL,NULL,NULL,NULL,Current
190,SA-R127,NULL,LL Road Seat Assembly,NA,NULL,NULL,NULL,NULL,NULL,Current
191,SA-R430,NULL,ML Road Seat Assembly,NA,NULL,NULL,NULL,NULL,NULL,Current
192,SA-R522,NULL,HL Road Seat Assembly,NA,NULL,NULL,NULL,NULL,NULL,Current
193,SA-T467,NULL,LL Touring Seat Assembly,NA,NULL,NULL,NULL,NULL,NULL,Current
194,SA-T612,NULL,ML Touring Seat Assembly,NA,NULL,NULL,NULL,NULL,NULL,Current
195,SA-T872,NULL,HL Touring Seat Assembly,NA,NULL,NULL,NULL,NULL,NULL,Current
196,SD-2342,NULL,LL Spindle/Axle,NA,NULL,NULL,NULL,NULL,NULL,Current
197,SD-9872,NULL,HL Spindle/Axle,NA,NULL,NULL,NULL,NULL,NULL,Current
198,SH-4562,NULL,LL Shell,NA,NULL,NULL,NULL,NULL,NULL,Current
199,SH-9312,NULL,HL Shell,NA,NULL,NULL,NULL,NULL,NULL,Current
200,SK-9283,NULL,Spokes,NA,NULL,NULL,NULL,NULL,NULL,Current
201,SL-0931,NULL,Seat Lug,NA,NULL,NULL,NULL,NULL,NULL,Current
202,SM-9087,NULL,Stem,NA,NULL,NULL,NULL,NULL,NULL,Current
203,SP-2981,NULL,Seat Post,NA,NULL,NULL,NULL,NULL,NULL,Current
204,SR-2098,NULL,Steerer,NA,NULL,NULL,NULL,NULL,NULL,Current
205,SS-2985,NULL,Seat Stays,NA,NULL,NULL,NULL,NULL,NULL,Current
206,ST-9828,NULL,Seat Tube,NA,NULL,NULL,NULL,NULL,NULL,Current
207,TO-2301,NULL,Top Tube,NA,NULL,NULL,NULL,NULL,NULL,Current
208,TP-0923,NULL,Tension Pulley,NA,NULL,NULL,NULL,NULL,NULL,Current
209,RC-0291,NULL,Rear Derailleur Cage,Silver,NULL,NULL,NULL,NULL,NULL,Current
210,FR-R92B-58,14,"HL Road Frame - Black, 58",Black,58,R ,HL Road Frame,Components,Road Frames,Current
211,FR-R92R-58,14,"HL Road Frame - Red, 58",Red,58,R ,HL Road Frame,Components,Road Frames,Current
212,HL-U509-R,31,"Sport-100 Helmet, Red",Red,NULL,S ,Sport-100,Accessories,Helmets,Outdate
213,HL-U509-R,31,"Sport-100 Helmet, Red",Red,NULL,S ,Sport-100,Accessories,Helmets,Outdate
214,HL-U509-R,31,"Sport-100 Helmet, Red",Red,NULL,S ,Sport-100,Accessories,Helmets,Current
215,HL-U509,31,"Sport-100 Helmet, Black",Black,NULL,S ,Sport-100,Accessories,Helmets,Outdate
216,HL-U509,31,"Sport-100 Helmet, Black",Black,NULL,S ,Sport-100,Accessories,Helmets,Outdate
217,HL-U509,31,"Sport-100 Helmet, Black",Black,NULL,S ,Sport-100,Accessories,Helmets,Current
218,SO-B909-M,23,"Mountain Bike Socks, M",White,M,M ,Mountain Bike Socks,Clothing,Socks,Outdate
219,SO-B909-L,23,"Mountain Bike Socks, L",White,L,M ,Mountain Bike Socks,Clothing,Socks,Outdate
220,HL-U509-B,31,"Sport-100 Helmet, Blue",Blue,NULL,S ,Sport-100,Accessories,Helmets,Outdate
221,HL-U509-B,31,"Sport-100 Helmet, Blue",Blue,NULL,S ,Sport-100,Accessories,Helmets,Outdate
222,HL-U509-B,31,"Sport-100 Helmet, Blue",Blue,NULL,S ,Sport-100,Accessories,Helmets,Current
223,CA-1098,19,AWC Logo Cap,Multi,NULL,S ,Cycling Cap,Clothing,Caps,Outdate
224,CA-1098,19,AWC Logo Cap,Multi,NULL,S ,Cycling Cap,Clothing,Caps,Outdate
225,CA-1098,19,AWC Logo Cap,Multi,NULL,S ,Cycling Cap,Clothing,Caps,Current
226,LJ-0192-S,21,"Long-Sleeve Logo Jersey, S",Multi,S,S ,Long-Sleeve Logo Jersey,Clothing,Jerseys,Outdate
227,LJ-0192-S,21,"Long-Sleeve Logo Jersey, S",Multi,S,S ,Long-Sleeve Logo Jersey,Clothing,Jerseys,Outdate
228,LJ-0192-S,21,"Long-Sleeve Logo Jersey, S",Multi,S,S ,Long-Sleeve Logo Jersey,Clothing,Jerseys,Current
229,LJ-0192-M,21,"Long-Sleeve Logo Jersey, M",Multi,M,S ,Long-Sleeve Logo Jersey,Clothing,Jerseys,Outdate
230,LJ-0192-M,21,"Long-Sleeve Logo Jersey, M",Multi,M,S ,Long-Sleeve Logo Jersey,Clothing,Jerseys,Outdate
231,LJ-0192-M,21,"Long-Sleeve Logo Jersey, M",Multi,M,S ,Long-Sleeve Logo Jersey,Clothing,Jerseys,Current
232,LJ-0192-L,21,"Long-Sleeve Logo Jersey, L",Multi,L,S ,Long-Sleeve Logo Jersey,Clothing,Jerseys,Outdate
233,LJ-0192-L,21,"Long-Sleeve Logo Jersey, L",Multi,L,S ,Long-Sleeve Logo Jersey,Clothing,Jerseys,Outdate
234,LJ-0192-L,21,"Long-Sleeve Logo Jersey, L",Multi,L,S ,Long-Sleeve Logo Jersey,Clothing,Jerseys,Current
235,LJ-0192-X,21,"Long-Sleeve Logo Jersey, XL",Multi,XL,S ,Long-Sleeve Logo Jersey,Clothing,Jerseys,Outdate
236,LJ-0192-X,21,"Long-Sleeve Logo Jersey, XL",Multi,XL,S ,Long-Sleeve Logo Jersey,Clothing,Jerseys,Outdate
237,LJ-0192-X,21,"Long-Sleeve Logo Jersey, XL",Multi,XL,S ,Long-Sleeve Logo Jersey,Clothing,Jerseys,Current
238,FR-R92R-62,14,"HL Road Frame - Red, 62",Red,62,R ,HL Road Frame,Components,Road Frames,Outdate
239,FR-R92R-62,14,"HL Road Frame - Red, 62",Red,62,R ,HL Road Frame,Components,Road Frames,Outdate
240,FR-R92R-62,14,"HL Road Frame - Red, 62",Red,62,R ,HL Road Frame,Components,Road Frames,Current
241,FR-R92R-44,14,"HL Road Frame - Red, 44",Red,44,R ,HL Road Frame,Components,Road Frames,Outdate
242,FR-R92R-44,14,"HL Road Frame - Red, 44",Red,44,R ,HL Road Frame,Components,Road Frames,Outdate
243,FR-R92R-44,14,"HL Road Frame - Red, 44",Red,44,R ,HL Road Frame,Components,Road Frames,Current
244,FR-R92R-48,14,"HL Road Frame - Red, 48",Red,48,R ,HL Road Frame,Components,Road Frames,Outdate
245,FR-R92R-48,14,"HL Road Frame - Red, 48",Red,48,R ,HL Road Frame,Components,Road Frames,Outdate
246,FR-R92R-48,14,"HL Road Frame - Red, 48",Red,48,R ,HL Road Frame,Components,Road Frames,Current
247,FR-R92R-52,14,"HL Road Frame - Red, 52",Red,52,R ,HL Road Frame,Components,Road Frames,Outdate
248,FR-R92R-52,14,"HL Road Frame - Red, 52",Red,52,R ,HL Road Frame,Components,Road Frames,Outdate
249,FR-R92R-52,14,"HL Road Frame - Red, 52",Red,52,R ,HL Road Frame,Components,Road Frames,Current
250,FR-R92R-56,14,"HL Road Frame - Red, 56",Red,56,R ,HL Road Frame,Components,Road Frames,Outdate
251,FR-R92R-56,14,"HL Road Frame - Red, 56",Red,56,R ,HL Road Frame,Components,Road Frames,Outdate
252,FR-R92R-56,14,"HL Road Frame - Red, 56",Red,56,R ,HL Road Frame,Components,Road Frames,Current
253,FR-R38B-58,14,"LL Road Frame - Black, 58",Black,58,R ,LL Road Frame,Components,Road Frames,Outdate
254,FR-R38B-58,14,"LL Road Frame - Black, 58",Black,58,R ,LL Road Frame,Components,Road Frames,Outdate
255,FR-R38B-58,14,"LL Road Frame - Black, 58",Black,58,R ,LL Road Frame,Components,Road Frames,Current
256,FR-R38B-60,14,"LL Road Frame - Black, 60",Black,60,R ,LL Road Frame,Components,Road Frames,Outdate
257,FR-R38B-60,14,"LL Road Frame - Black, 60",Black,60,R ,LL Road Frame,Components,Road Frames,Outdate
258,FR-R38B-60,14,"LL Road Frame - Black, 60",Black,60,R ,LL Road Frame,Components,Road Frames,Current
259,FR-R38B-62,14,"LL Road Frame - Black, 62",Black,62,R ,LL Road Frame,Components,Road Frames,Outdate
260,FR-R38B-62,14,"LL Road Frame - Black, 62",Black,62,R ,LL Road Frame,Components,Road Frames,Outdate
261,FR-R38B-62,14,"LL Road Frame - Black, 62",Black,62,R ,LL Road Frame,Components,Road Frames,Current
262,FR-R38R-44,14,"LL Road Frame - Red, 44",Red,44,R ,LL Road Frame,Components,Road Frames,Outdate
263,FR-R38R-44,14,"LL Road Frame - Red, 44",Red,44,R ,LL Road Frame,Components,Road Frames,Outdate
264,FR-R38R-48,14,"LL Road Frame - Red, 48",Red,48,R ,LL Road Frame,Components,Road Frames,Outdate
265,FR-R38R-48,14,"LL Road Frame - Red, 48",Red,48,R ,LL Road Frame,Components,Road Frames,Outdate
266,FR-R38R-52,14,"LL Road Frame - Red, 52",Red,52,R ,LL Road Frame,Components,Road Frames,Outdate
267,FR-R38R-52,14,"LL Road Frame - Red, 52",Red,52,R ,LL Road Frame,Components,Road Frames,Outdate
268,FR-R38R-58,14,"LL Road Frame - Red, 58",Red,58,R ,LL Road Frame,Components,Road Frames,Outdate
269,FR-R38R-58,14,"LL Road Frame - Red, 58",Red,58,R ,LL Road Frame,Components,Road Frames,Outdate
270,FR-R38R-60,14,"LL Road Frame - Red, 60",Red,60,R ,LL Road Frame,Components,Road Frames,Outdate
271,FR-R38R-60,14,"LL Road Frame - Red, 60",Red,60,R ,LL Road Frame,Components,Road Frames,Outdate
272,FR-R38R-62,14,"LL Road Frame - Red, 62",Red,62,R ,LL Road Frame,Components,Road Frames,Outdate
273,FR-R38R-62,14,"LL Road Frame - Red, 62",Red,62,R ,LL Road Frame,Components,Road Frames,Outdate
274,FR-R72R-44,14,"ML Road Frame - Red, 44",Red,44,R ,ML Road Frame,Components,Road Frames,Outdate
275,FR-R72R-48,14,"ML Road Frame - Red, 48",Red,48,R ,ML Road Frame,Components,Road Frames,Outdate
276,FR-R72R-52,14,"ML Road Frame - Red, 52",Red,52,R ,ML Road Frame,Components,Road Frames,Outdate
277,FR-R72R-58,14,"ML Road Frame - Red, 58",Red,58,R ,ML Road Frame,Components,Road Frames,Outdate
278,FR-R72R-60,14,"ML Road Frame - Red, 60",Red,60,R ,ML Road Frame,Components,Road Frames,Outdate
279,FR-R38B-44,14,"LL Road Frame - Black, 44",Black,44,R ,LL Road Frame,Components,Road Frames,Outdate
280,FR-R38B-44,14,"LL Road Frame - Black, 44",Black,44,R ,LL Road Frame,Components,Road Frames,Outdate
281,FR-R38B-44,14,"LL Road Frame - Black, 44",Black,44,R ,LL Road Frame,Components,Road Frames,Current
282,FR-R38B-48,14,"LL Road Frame - Black, 48",Black,48,R ,LL Road Frame,Components,Road Frames,Outdate
283,FR-R38B-48,14,"LL Road Frame - Black, 48",Black,48,R ,LL Road Frame,Components,Road Frames,Outdate
284,FR-R38B-48,14,"LL Road Frame - Black, 48",Black,48,R ,LL Road Frame,Components,Road Frames,Current
285,FR-R38B-52,14,"LL Road Frame - Black, 52",Black,52,R ,LL Road Frame,Components,Road Frames,Outdate
286,FR-R38B-52,14,"LL Road Frame - Black, 52",Black,52,R ,LL Road Frame,Components,Road Frames,Outdate
287,FR-R38B-52,14,"LL Road Frame - Black, 52",Black,52,R ,LL Road Frame,Components,Road Frames,Current
288,FR-M94S-42,12,"HL Mountain Frame - Silver, 42",Silver,42,M ,HL Mountain Frame,Components,Mountain Frames,Outdate
289,FR-M94S-42,12,"HL Mountain Frame - Silver, 42",Silver,42,M ,HL Mountain Frame,Components,Mountain Frames,Outdate
290,FR-M94S-42,12,"HL Mountain Frame - Silver, 42",Silver,42,M ,HL Mountain Frame,Components,Mountain Frames,Current
291,FR-M94S-44,12,"HL Mountain Frame - Silver, 44",Silver,44,M ,HL Mountain Frame,Components,Mountain Frames,Outdate
292,FR-M94S-52,12,"HL Mountain Frame - Silver, 48",Silver,48,M ,HL Mountain Frame,Components,Mountain Frames,Outdate
293,FR-M94S-46,12,"HL Mountain Frame - Silver, 46",Silver,46,M ,HL Mountain Frame,Components,Mountain Frames,Outdate
294,FR-M94S-46,12,"HL Mountain Frame - Silver, 46",Silver,46,M ,HL Mountain Frame,Components,Mountain Frames,Outdate
295,FR-M94S-46,12,"HL Mountain Frame - Silver, 46",Silver,46,M ,HL Mountain Frame,Components,Mountain Frames,Current
296,FR-M94B-42,12,"HL Mountain Frame - Black, 42",Black,42,M ,HL Mountain Frame,Components,Mountain Frames,Outdate
297,FR-M94B-42,12,"HL Mountain Frame - Black, 42",Black,42,M ,HL Mountain Frame,Components,Mountain Frames,Outdate
298,FR-M94B-42,12,"HL Mountain Frame - Black, 42",Black,42,M ,HL Mountain Frame,Components,Mountain Frames,Current
299,FR-M94B-44,12,"HL Mountain Frame - Black, 44",Black,44,M ,HL Mountain Frame,Components,Mountain Frames,Outdate
300,FR-M94B-48,12,"HL Mountain Frame - Black, 48",Black,48,M ,HL Mountain Frame,Components,Mountain Frames,Outdate
301,FR-M94B-46,12,"HL Mountain Frame - Black, 46",Black,46,M ,HL Mountain Frame,Components,Mountain Frames,Outdate
302,FR-M94B-46,12,"HL Mountain Frame - Black, 46",Black,46,M ,HL Mountain Frame,Components,Mountain Frames,Outdate
303,FR-M94B-46,12,"HL Mountain Frame - Black, 46",Black,46,M ,HL Mountain Frame,Components,Mountain Frames,Current
304,FR-M94B-38,12,"HL Mountain Frame - Black, 38",Black,38,M ,HL Mountain Frame,Components,Mountain Frames,Outdate
305,FR-M94B-38,12,"HL Mountain Frame - Black, 38",Black,38,M ,HL Mountain Frame,Components,Mountain Frames,Outdate
306,FR-M94B-38,12,"HL Mountain Frame - Black, 38",Black,38,M ,HL Mountain Frame,Components,Mountain Frames,Current
307,FR-M94S-38,12,"HL Mountain Frame - Silver, 38",Silver,38,M ,HL Mountain Frame,Components,Mountain Frames,Outdate
308,FR-M94S-38,12,"HL Mountain Frame - Silver, 38",Silver,38,M ,HL Mountain Frame,Components,Mountain Frames,Outdate
309,FR-M94S-38,12,"HL Mountain Frame - Silver, 38",Silver,38,M ,HL Mountain Frame,Components,Mountain Frames,Current
310,BK-R93R-62,2,"Road-150 Red, 62",Red,62,R ,Road-150,Bikes,Road Bikes,Outdate
311,BK-R93R-44,2,"Road-150 Red, 44",Red,44,R ,Road-150,Bikes,Road Bikes,Outdate
312,BK-R93R-48,2,"Road-150 Red, 48",Red,48,R ,Road-150,Bikes,Road Bikes,Outdate
313,BK-R93R-52,2,"Road-150 Red, 52",Red,52,R ,Road-150,Bikes,Road Bikes,Outdate
314,BK-R93R-56,2,"Road-150 Red, 56",Red,56,R ,Road-150,Bikes,Road Bikes,Outdate
315,BK-R68R-58,2,"Road-450 Red, 58",Red,58,R ,Road-450,Bikes,Road Bikes,Outdate
316,BK-R68R-60,2,"Road-450 Red, 60",Red,60,R ,Road-450,Bikes,Road Bikes,Outdate
317,BK-R68R-44,2,"Road-450 Red, 44",Red,44,R ,Road-450,Bikes,Road Bikes,Outdate
318,BK-R68R-48,2,"Road-450 Red, 48",Red,48,R ,Road-450,Bikes,Road Bikes,Outdate
319,BK-R68R-52,2,"Road-450 Red, 52",Red,52,R ,Road-450,Bikes,Road Bikes,Outdate
320,BK-R50R-58,2,"Road-650 Red, 58",Red,58,R ,Road-650,Bikes,Road Bikes,Outdate
321,BK-R50R-58,2,"Road-650 Red, 58",Red,58,R ,Road-650,Bikes,Road Bikes,Outdate
322,BK-R50R-60,2,"Road-650 Red, 60",Red,60,R ,Road-650,Bikes,Road Bikes,Outdate
323,BK-R50R-60,2,"Road-650 Red, 60",Red,60,R ,Road-650,Bikes,Road Bikes,Outdate
324,BK-R50R-62,2,"Road-650 Red, 62",Red,62,R ,Road-650,Bikes,Road Bikes,Outdate
325,BK-R50R-62,2,"Road-650 Red, 62",Red,62,R ,Road-650,Bikes,Road Bikes,Outdate
326,BK-R50R-44,2,"Road-650 Red, 44",Red,44,R ,Road-650,Bikes,Road Bikes,Outdate
327,BK-R50R-44,2,"Road-650 Red, 44",Red,44,R ,Road-650,Bikes,Road Bikes,Outdate
328,BK-R50R-48,2,"Road-650 Red, 48",Red,48,R ,Road-650,Bikes,Road Bikes,Outdate
329,BK-R50R-48,2,"Road-650 Red, 48",Red,48,R ,Road-650,Bikes,Road Bikes,Outdate
330,BK-R50R-52,2,"Road-650 Red, 52",Red,52,R ,Road-650,Bikes,Road Bikes,Outdate
331,BK-R50R-52,2,"Road-650 Red, 52",Red,52,R ,Road-650,Bikes,Road Bikes,Outdate
332,BK-R50B-58,2,"Road-650 Black, 58",Black,58,R ,Road-650,Bikes,Road Bikes,Outdate
333,BK-R50B-58,2,"Road-650 Black, 58",Black,58,R ,Road-650,Bikes,Road Bikes,Outdate
334,BK-R50B-60,2,"Road-650 Black, 60",Black,60,R ,Road-650,Bikes,Road Bikes,Outdate
335,BK-R50B-60,2,"Road-650 Black, 60",Black,60,R ,Road-650,Bikes,Road Bikes,Outdate
336,BK-R50B-62,2,"Road-650 Black, 62",Black,62,R ,Road-650,Bikes,Road Bikes,Outdate
337,BK-R50B-62,2,"Road-650 Black, 62",Black,62,R ,Road-650,Bikes,Road Bikes,Outdate
338,BK-R50B-44,2,"Road-650 Black, 44",Black,44,R ,Road-650,Bikes,Road Bikes,Outdate
339,BK-R50B-44,2,"Road-650 Black, 44",Black,44,R ,Road-650,Bikes,Road Bikes,Outdate
340,BK-R50B-48,2,"Road-650 Black, 48",Black,48,R ,Road-650,Bikes,Road Bikes,Outdate
341,BK-R50B-48,2,"Road-650 Black, 48",Black,48,R ,Road-650,Bikes,Road Bikes,Outdate
342,BK-R50B-52,2,"Road-650 Black, 52",Black,52,R ,Road-650,Bikes,Road Bikes,Outdate
343,BK-R50B-52,2,"Road-650 Black, 52",Black,52,R ,Road-650,Bikes,Road Bikes,Outdate
344,BK-M82S-38,1,"Mountain-100 Silver, 38",Silver,38,M ,Mountain-100,Bikes,Mountain Bikes,Outdate
345,BK-M82S-42,1,"Mountain-100 Silver, 42",Silver,42,M ,Mountain-100,Bikes,Mountain Bikes,Outdate
346,BK-M82S-44,1,"Mountain-100 Silver, 44",Silver,44,M ,Mountain-100,Bikes,Mountain Bikes,Outdate
347,BK-M82S-48,1,"Mountain-100 Silver, 48",Silver,48,M ,Mountain-100,Bikes,Mountain Bikes,Outdate
348,BK-M82B-38,1,"Mountain-100 Black, 38",Black,38,M ,Mountain-100,Bikes,Mountain Bikes,Outdate
349,BK-M82B-42,1,"Mountain-100 Black, 42",Black,42,M ,Mountain-100,Bikes,Mountain Bikes,Outdate
350,BK-M82B-44,1,"Mountain-100 Black, 44",Black,44,M ,Mountain-100,Bikes,Mountain Bikes,Outdate
351,BK-M82B-48,1,"Mountain-100 Black, 48",Black,48,M ,Mountain-100,Bikes,Mountain Bikes,Outdate
352,BK-M68S-38,1,"Mountain-200 Silver, 38",Silver,38,M ,Mountain-200,Bikes,Mountain Bikes,Outdate
353,BK-M68S-38,1,"Mountain-200 Silver, 38",Silver,38,M ,Mountain-200,Bikes,Mountain Bikes,Current
354,BK-M68S-42,1,"Mountain-200 Silver, 42",Silver,42,M ,Mountain-200,Bikes,Mountain Bikes,Outdate
355,BK-M68S-42,1,"Mountain-200 Silver, 42",Silver,42,M ,Mountain-200,Bikes,Mountain Bikes,Current
356,BK-M68S-46,1,"Mountain-200 Silver, 46",Silver,46,M ,Mountain-200,Bikes,Mountain Bikes,Outdate
357,BK-M68S-46,1,"Mountain-200 Silver, 46",Silver,46,M ,Mountain-200,Bikes,Mountain Bikes,Current
358,BK-M68B-38,1,"Mountain-200 Black, 38",Black,38,M ,Mountain-200,Bikes,Mountain Bikes,Outdate
359,BK-M68B-38,1,"Mountain-200 Black, 38",Black,38,M ,Mountain-200,Bikes,Mountain Bikes,Current
360,BK-M68B-42,1,"Mountain-200 Black, 42",Black,42,M ,Mountain-200,Bikes,Mountain Bikes,Outdate
361,BK-M68B-42,1,"Mountain-200 Black, 42",Black,42,M ,Mountain-200,Bikes,Mountain Bikes,Current
362,BK-M68B-46,1,"Mountain-200 Black, 46",Black,46,M ,Mountain-200,Bikes,Mountain Bikes,Outdate
363,BK-M68B-46,1,"Mountain-200 Black, 46",Black,46,M ,Mountain-200,Bikes,Mountain Bikes,Current
364,BK-M47B-38,1,"Mountain-300 Black, 38",Black,38,M ,Mountain-300,Bikes,Mountain Bikes,Outdate
365,BK-M47B-40,1,"Mountain-300 Black, 40",Black,40,M ,Mountain-300,Bikes,Mountain Bikes,Outdate
366,BK-M47B-44,1,"Mountain-300 Black, 44",Black,44,M ,Mountain-300,Bikes,Mountain Bikes,Outdate
367,BK-M47B-48,1,"Mountain-300 Black, 48",Black,48,M ,Mountain-300,Bikes,Mountain Bikes,Outdate
368,BK-R89R-44,2,"Road-250 Red, 44",Red,44,R ,Road-250,Bikes,Road Bikes,Outdate
369,BK-R89R-48,2,"Road-250 Red, 48",Red,48,R ,Road-250,Bikes,Road Bikes,Outdate
370,BK-R89R-52,2,"Road-250 Red, 52",Red,52,R ,Road-250,Bikes,Road Bikes,Outdate
371,BK-R89R-58,2,"Road-250 Red, 58",Red,58,R ,Road-250,Bikes,Road Bikes,Outdate
372,BK-R89R-58,2,"Road-250 Red, 58",Red,58,R ,Road-250,Bikes,Road Bikes,Current
373,BK-R89B-44,2,"Road-250 Black, 44",Black,44,R ,Road-250,Bikes,Road Bikes,Outdate
374,BK-R89B-44,2,"Road-250 Black, 44",Black,44,R ,Road-250,Bikes,Road Bikes,Current
375,BK-R89B-48,2,"Road-250 Black, 48",Black,48,R ,Road-250,Bikes,Road Bikes,Outdate
376,BK-R89B-48,2,"Road-250 Black, 48",Black,48,R ,Road-250,Bikes,Road Bikes,Current
377,BK-R89B-52,2,"Road-250 Black, 52",Black,52,R ,Road-250,Bikes,Road Bikes,Outdate
378,BK-R89B-52,2,"Road-250 Black, 52",Black,52,R ,Road-250,Bikes,Road Bikes,Current
379,BK-R89B-58,2,"Road-250 Black, 58",Black,58,R ,Road-250,Bikes,Road Bikes,Outdate
380,BK-R89B-58,2,"Road-250 Black, 58",Black,58,R ,Road-250,Bikes,Road Bikes,Current
381,BK-R64Y-38,2,"Road-550-W Yellow, 38",Yellow,38,R ,Road-550-W,Bikes,Road Bikes,Outdate
382,BK-R64Y-38,2,"Road-550-W Yellow, 38",Yellow,38,R ,Road-550-W,Bikes,Road Bikes,Current
383,BK-R64Y-40,2,"Road-550-W Yellow, 40",Yellow,40,R ,Road-550-W,Bikes,Road Bikes,Outdate
384,BK-R64Y-40,2,"Road-550-W Yellow, 40",Yellow,40,R ,Road-550-W,Bikes,Road Bikes,Current
385,BK-R64Y-42,2,"Road-550-W Yellow, 42",Yellow,42,R ,Road-550-W,Bikes,Road Bikes,Outdate
386,BK-R64Y-42,2,"Road-550-W Yellow, 42",Yellow,42,R ,Road-550-W,Bikes,Road Bikes,Current
387,BK-R64Y-44,2,"Road-550-W Yellow, 44",Yellow,44,R ,Road-550-W,Bikes,Road Bikes,Outdate
388,BK-R64Y-44,2,"Road-550-W Yellow, 44",Yellow,44,R ,Road-550-W,Bikes,Road Bikes,Current
389,BK-R64Y-48,2,"Road-550-W Yellow, 48",Yellow,48,R ,Road-550-W,Bikes,Road Bikes,Outdate
390,BK-R64Y-48,2,"Road-550-W Yellow, 48",Yellow,48,R ,Road-550-W,Bikes,Road Bikes,Current
391,FK-1639,10,LL Fork,NA,NULL,NULL,LL Fork,Components,Forks,Outdate
392,FK-5136,10,ML Fork,NA,NULL,NULL,ML Fork,Components,Forks,Outdate
393,FK-9939,10,HL Fork,NA,NULL,NULL,HL Fork,Components,Forks,Outdate
394,HS-0296,11,LL Headset,NA,NULL,NULL,LL Headset,Components,Headsets,Outdate
395,HS-2451,11,ML Headset,NA,NULL,NULL,ML Headset,Components,Headsets,Outdate
396,HS-3479,11,HL Headset,NA,NULL,NULL,HL Headset,Components,Headsets,Outdate
397,HB-M243,4,LL Mountain Handlebars,NA,NULL,M ,LL Mountain Handlebars,Components,Handlebars,Outdate
398,HB-M243,4,LL Mountain Handlebars,NA,NULL,M ,LL Mountain Handlebars,Components,Handlebars,Current
399,HB-M763,4,ML Mountain Handlebars,NA,NULL,M ,ML Mountain Handlebars,Components,Handlebars,Outdate
400,HB-M763,4,ML Mountain Handlebars,NA,NULL,M ,ML Mountain Handlebars,Components,Handlebars,Current
401,HB-M918,4,HL Mountain Handlebars,NA,NULL,M ,HL Mountain Handlebars,Components,Handlebars,Outdate
402,HB-M918,4,HL Mountain Handlebars,NA,NULL,M ,HL Mountain Handlebars,Components,Handlebars,Current
403,HB-R504,4,LL Road Handlebars,NA,NULL,R ,LL Road Handlebars,Components,Handlebars,Outdate
404,HB-R504,4,LL Road Handlebars,NA,NULL,R ,LL Road Handlebars,Components,Handlebars,Current
405,HB-R720,4,ML Road Handlebars,NA,NULL,R ,ML Road Handlebars,Components,Handlebars,Outdate
406,HB-R720,4,ML Road Handlebars,NA,NULL,R ,ML Road Handlebars,Components,Handlebars,Current
407,HB-R956,4,HL Road Handlebars,NA,NULL,R ,HL Road Handlebars,Components,Handlebars,Outdate
408,HB-R956,4,HL Road Handlebars,NA,NULL,R ,HL Road Handlebars,Components,Handlebars,Current
409,FR-M63B-38,12,"ML Mountain Frame - Black, 38",Black,38,M ,ML Mountain Frame-W,Components,Mountain Frames,Outdate
410,FW-M423,17,LL Mountain Front Wheel,Black,NULL,M ,LL Mountain Front Wheel,Components,Wheels,Outdate
411,FW-M762,17,ML Mountain Front Wheel,Black,NULL,M ,ML Mountain Front Wheel,Components,Wheels,Outdate
412,FW-M928,17,HL Mountain Front Wheel,Black,NULL,M ,HL Mountain Front Wheel,Components,Wheels,Outdate
413,FW-R623,17,LL Road Front Wheel,Black,NULL,R ,LL Road Front Wheel,Components,Wheels,Outdate
414,FW-R762,17,ML Road Front Wheel,Black,NULL,R ,ML Road Front Wheel,Components,Wheels,Outdate
415,FW-R820,17,HL Road Front Wheel,Black,NULL,R ,HL Road Front Wheel,Components,Wheels,Outdate
416,FW-T905,17,Touring Front Wheel,Black,NULL,T ,Touring Front Wheel,Components,Wheels,Outdate
417,FR-R72Y-38,14,"ML Road Frame-W - Yellow, 38",Yellow,38,R ,ML Road Frame-W,Components,Road Frames,Outdate
418,FR-R72Y-38,14,"ML Road Frame-W - Yellow, 38",Yellow,38,R ,ML Road Frame-W,Components,Road Frames,Current
419,RW-M423,17,LL Mountain Rear Wheel,Black,NULL,M ,LL Mountain Rear Wheel,Components,Wheels,Outdate
420,RW-M762,17,ML Mountain Rear Wheel,Black,NULL,M ,ML Mountain Rear Wheel,Components,Wheels,Outdate
421,RW-M928,17,HL Mountain Rear Wheel,Black,NULL,M ,HL Mountain Rear Wheel,Components,Wheels,Outdate
422,RW-R623,17,LL Road Rear Wheel,Black,NULL,R ,LL Road Rear Wheel,Components,Wheels,Outdate
423,RW-R762,17,ML Road Rear Wheel,Black,NULL,R ,ML Road Rear Wheel,Components,Wheels,Outdate
424,RW-R820,17,HL Road Rear Wheel,Black,NULL,R ,HL Road Rear Wheel,Components,Wheels,Outdate
425,RW-T905,17,Touring Rear Wheel,Black,NULL,T ,Touring Rear Wheel,Components,Wheels,Outdate
426,FR-M63B-40,12,"ML Mountain Frame - Black, 40",Black,40,M ,ML Mountain Frame,Components,Mountain Frames,Outdate
427,FR-M63B-44,12,"ML Mountain Frame - Black, 44",Black,44,M ,ML Mountain Frame,Components,Mountain Frames,Outdate
428,FR-M63B-48,12,"ML Mountain Frame - Black, 48",Black,48,M ,ML Mountain Frame,Components,Mountain Frames,Outdate
429,FR-R72Y-40,14,"ML Road Frame-W - Yellow, 40",Yellow,40,R ,ML Road Frame-W,Components,Road Frames,Outdate
430,FR-R72Y-40,14,"ML Road Frame-W - Yellow, 40",Yellow,40,R ,ML Road Frame-W,Components,Road Frames,Current
431,FR-R72Y-42,14,"ML Road Frame-W - Yellow, 42",Yellow,42,R ,ML Road Frame-W,Components,Road Frames,Outdate
432,FR-R72Y-42,14,"ML Road Frame-W - Yellow, 42",Yellow,42,R ,ML Road Frame-W,Components,Road Frames,Current
433,FR-R72Y-44,14,"ML Road Frame-W - Yellow, 44",Yellow,44,R ,ML Road Frame-W,Components,Road Frames,Outdate
434,FR-R72Y-44,14,"ML Road Frame-W - Yellow, 44",Yellow,44,R ,ML Road Frame-W,Components,Road Frames,Current
435,FR-R72Y-48,14,"ML Road Frame-W - Yellow, 48",Yellow,48,R ,ML Road Frame-W,Components,Road Frames,Outdate
436,FR-R72Y-48,14,"ML Road Frame-W - Yellow, 48",Yellow,48,R ,ML Road Frame-W,Components,Road Frames,Current
437,FR-R92B-62,14,"HL Road Frame - Black, 62",Black,62,R ,HL Road Frame,Components,Road Frames,Outdate
438,FR-R92B-62,14,"HL Road Frame - Black, 62",Black,62,R ,HL Road Frame,Components,Road Frames,Current
439,FR-R92B-44,14,"HL Road Frame - Black, 44",Black,44,R ,HL Road Frame,Components,Road Frames,Outdate
440,FR-R92B-44,14,"HL Road Frame - Black, 44",Black,44,R ,HL Road Frame,Components,Road Frames,Current
441,FR-R92B-48,14,"HL Road Frame - Black, 48",Black,48,R ,HL Road Frame,Components,Road Frames,Outdate
442,FR-R92B-48,14,"HL Road Frame - Black, 48",Black,48,R ,HL Road Frame,Components,Road Frames,Current
443,FR-R92B-52,14,"HL Road Frame - Black, 52",Black,52,R ,HL Road Frame,Components,Road Frames,Outdate
444,FR-R92B-52,14,"HL Road Frame - Black, 52",Black,52,R ,HL Road Frame,Components,Road Frames,Current
445,SH-M897-S,22,"Men's Sports Shorts, S",Black,S,S ,Men's Sports Shorts,Clothing,Shorts,Outdate
446,PA-T100,35,"Touring-Panniers, Large",Grey,NULL,T ,Touring-Panniers,Accessories,Panniers,Outdate
447,LO-C100,34,Cable Lock,NA,NULL,S ,Cable Lock,Accessories,Locks,Outdate
448,PU-0452,36,Minipump,NA,NULL,S ,Minipump,Accessories,Pumps,Outdate
449,PU-M044,36,Mountain Pump,NA,NULL,M ,Mountain Pump,Accessories,Pumps,Outdate
450,LT-T990,33,Taillights - Battery-Powered,NA,NULL,R ,Taillight,Accessories,Lights,Outdate
451,LT-H902,33,Headlights - Dual-Beam,NA,NULL,R ,Headlights - Dual-Beam,Accessories,Lights,Outdate
452,LT-H903,33,Headlights - Weatherproof,NA,NULL,R ,Headlights - Weatherproof,Accessories,Lights,Outdate
453,SH-M897-M,22,"Men's Sports Shorts, M",Black,M,S ,Men's Sports Shorts,Clothing,Shorts,Outdate
454,SH-M897-L,22,"Men's Sports Shorts, L",Black,L,S ,Men's Sports Shorts,Clothing,Shorts,Outdate
455,SH-M897-X,22,"Men's Sports Shorts, XL",Black,XL,S ,Men's Sports Shorts,Clothing,Shorts,Outdate
456,TG-W091-S,24,"Women's Tights, S",Black,S,S ,Women's Tights,Clothing,Tights,Outdate
457,TG-W091-M,24,"Women's Tights, M",Black,M,S ,Women's Tights,Clothing,Tights,Outdate
458,TG-W091-L,24,"Women's Tights, L",Black,L,S ,Women's Tights,Clothing,Tights,Outdate
459,SB-M891-S,18,"Men's Bib-Shorts, S",Multi,S,S ,Men's Bib-Shorts,Clothing,Bib-Shorts,Outdate
460,SB-M891-M,18,"Men's Bib-Shorts, M",Multi,M,S ,Men's Bib-Shorts,Clothing,Bib-Shorts,Outdate
461,SB-M891-L,18,"Men's Bib-Shorts, L",Multi,L,S ,Men's Bib-Shorts,Clothing,Bib-Shorts,Outdate
462,GL-H102-S,20,"Half-Finger Gloves, S",Black,S,S ,Half-Finger Gloves,Clothing,Gloves,Outdate
463,GL-H102-S,20,"Half-Finger Gloves, S",Black,S,S ,Half-Finger Gloves,Clothing,Gloves,Current
464,GL-H102-M,20,"Half-Finger Gloves, M",Black,M,S ,Half-Finger Gloves,Clothing,Gloves,Outdate
465,GL-H102-M,20,"Half-Finger Gloves, M",Black,M,S ,Half-Finger Gloves,Clothing,Gloves,Current
466,GL-H102-L,20,"Half-Finger Gloves, L",Black,L,S ,Half-Finger Gloves,Clothing,Gloves,Outdate
467,GL-H102-L,20,"Half-Finger Gloves, L",Black,L,S ,Half-Finger Gloves,Clothing,Gloves,Current
468,GL-F110-S,20,"Full-Finger Gloves, S",Black,S,M ,Full-Finger Gloves,Clothing,Gloves,Outdate
469,GL-F110-M,20,"Full-Finger Gloves, M",Black,M,M ,Full-Finger Gloves,Clothing,Gloves,Outdate
470,GL-F110-L,20,"Full-Finger Gloves, L",Black,L,M ,Full-Finger Gloves,Clothing,Gloves,Outdate
471,VE-C304-S,25,"Classic Vest, S",Blue,S,S ,Classic Vest,Clothing,Vests,Current
472,VE-C304-M,25,"Classic Vest, M",Blue,M,S ,Classic Vest,Clothing,Vests,Current
473,VE-C304-L,25,"Classic Vest, L",Blue,L,S ,Classic Vest,Clothing,Vests,Current
474,SH-W890-S,22,"Women's Mountain Shorts, S",Black,S,M ,Women's Mountain Shorts,Clothing,Shorts,Current
475,SH-W890-M,22,"Women's Mountain Shorts, M",Black,M,M ,Women's Mountain Shorts,Clothing,Shorts,Current
476,SH-W890-L,22,"Women's Mountain Shorts, L",Black,L,M ,Women's Mountain Shorts,Clothing,Shorts,Current
477,WB-H098,28,Water Bottle - 30 oz.,NA,NULL,S ,Water Bottle,Accessories,Bottles and Cages,Current
478,BC-M005,28,Mountain Bottle Cage,NA,NULL,M ,Mountain Bottle Cage,Accessories,Bottles and Cages,Current
479,BC-R205,28,Road Bottle Cage,NA,NULL,R ,Road Bottle Cage,Accessories,Bottles and Cages,Current
480,PK-7098,37,Patch Kit/8 Patches,NA,NULL,S ,Patch kit,Accessories,Tires and Tubes,Current
481,SO-R809-M,23,"Racing Socks, M",White,M,R ,Racing Socks,Clothing,Socks,Current
482,SO-R809-L,23,"Racing Socks, L",White,L,R ,Racing Socks,Clothing,Socks,Current
483,RA-H123,26,Hitch Rack - 4-Bike,NA,NULL,S ,Hitch Rack - 4-Bike,Accessories,Bike Racks,Current
484,CL-9009,29,Bike Wash - Dissolver,NA,NULL,S ,Bike Wash,Accessories,Cleaners,Current
485,FE-6654,30,Fender Set - Mountain,NA,NULL,M ,Fender Set - Mountain,Accessories,Fenders,Current
486,ST-1401,27,All-Purpose Bike Stand,NA,NULL,M ,All-Purpose Bike Stand,Accessories,Bike Stands,Current
487,HY-1023-70,32,Hydration Pack - 70 oz.,Silver,70,S ,Hydration Pack,Accessories,Hydration Packs,Current
488,SJ-0194-S,21,"Short-Sleeve Classic Jersey, S",Yellow,S,S ,Short-Sleeve Classic Jersey,Clothing,Jerseys,Current
489,SJ-0194-M,21,"Short-Sleeve Classic Jersey, M",Yellow,M,S ,Short-Sleeve Classic Jersey,Clothing,Jerseys,Current
490,SJ-0194-L,21,"Short-Sleeve Classic Jersey, L",Yellow,L,S ,Short-Sleeve Classic Jersey,Clothing,Jerseys,Current
491,SJ-0194-X,21,"Short-Sleeve Classic Jersey, XL",Yellow,XL,S ,Short-Sleeve Classic Jersey,Clothing,Jerseys,Current
492,FR-T98Y-60,16,"HL Touring Frame - Yellow, 60",Yellow,60,T ,HL Touring Frame,Components,Touring Frames,Current
493,FR-T67Y-62,16,"LL Touring Frame - Yellow, 62",Yellow,62,T ,LL Touring Frame,Components,Touring Frames,Current
494,FR-T98Y-46,16,"HL Touring Frame - Yellow, 46",Yellow,46,T ,HL Touring Frame,Components,Touring Frames,Current
495,FR-T98Y-50,16,"HL Touring Frame - Yellow, 50",Yellow,50,T ,HL Touring Frame,Components,Touring Frames,Current
496,FR-T98Y-54,16,"HL Touring Frame - Yellow, 54",Yellow,54,T ,HL Touring Frame,Components,Touring Frames,Current
497,FR-T98U-46,16,"HL Touring Frame - Blue, 46",Blue,46,T ,HL Touring Frame,Components,Touring Frames,Current
498,FR-T98U-50,16,"HL Touring Frame - Blue, 50",Blue,50,T ,HL Touring Frame,Components,Touring Frames,Current
499,FR-T98U-54,16,"HL Touring Frame - Blue, 54",Blue,54,T ,HL Touring Frame,Components,Touring Frames,Current
500,FR-T98U-60,16,"HL Touring Frame - Blue, 60",Blue,60,T ,HL Touring Frame,Components,Touring Frames,Current
501,RD-2308,9,Rear Derailleur,Silver,NULL,NULL,Rear Derailleur,Components,Derailleurs,Current
502,FR-T67U-50,16,"LL Touring Frame - Blue, 50",Blue,50,T ,LL Touring Frame,Components,Touring Frames,Current
503,FR-T67U-54,16,"LL Touring Frame - Blue, 54",Blue,54,T ,LL Touring Frame,Components,Touring Frames,Current
504,FR-T67U-58,16,"LL Touring Frame - Blue, 58",Blue,58,T ,LL Touring Frame,Components,Touring Frames,Current
505,FR-T67U-62,16,"LL Touring Frame - Blue, 62",Blue,62,T ,LL Touring Frame,Components,Touring Frames,Current
506,FR-T67Y-44,16,"LL Touring Frame - Yellow, 44",Yellow,44,T ,LL Touring Frame,Components,Touring Frames,Current
507,FR-T67Y-50,16,"LL Touring Frame - Yellow, 50",Yellow,50,T ,LL Touring Frame,Components,Touring Frames,Current
508,FR-T67Y-54,16,"LL Touring Frame - Yellow, 54",Yellow,54,T ,LL Touring Frame,Components,Touring Frames,Current
509,FR-T67Y-58,16,"LL Touring Frame - Yellow, 58",Yellow,58,T ,LL Touring Frame,Components,Touring Frames,Current
510,FR-T67U-44,16,"LL Touring Frame - Blue, 44",Blue,44,T ,LL Touring Frame,Components,Touring Frames,Current
511,FR-M63S-40,12,"ML Mountain Frame-W - Silver, 40",Silver,40,M ,ML Mountain Frame-W,Components,Mountain Frames,Current
512,FR-M63S-42,12,"ML Mountain Frame-W - Silver, 42",Silver,42,M ,ML Mountain Frame-W,Components,Mountain Frames,Current
513,FR-M63S-46,12,"ML Mountain Frame-W - Silver, 46",Silver,46,M ,ML Mountain Frame-W,Components,Mountain Frames,Current
514,RB-9231,6,Rear Brakes,Silver,NULL,NULL,Rear Brakes,Components,Brakes,Current
515,SE-M236,15,LL Mountain Seat/Saddle,NA,NULL,M ,LL Mountain Seat/Saddle 2,Components,Saddles,Current
516,SE-M798,15,ML Mountain Seat/Saddle,NA,NULL,M ,ML Mountain Seat/Saddle 2,Components,Saddles,Current
517,SE-M940,15,HL Mountain Seat/Saddle,NA,NULL,M ,HL Mountain Seat/Saddle 2,Components,Saddles,Current
518,SE-R581,15,LL Road Seat/Saddle,NA,NULL,R ,LL Road Seat/Saddle 1,Components,Saddles,Current
519,SE-R908,15,ML Road Seat/Saddle,NA,NULL,T ,ML Road Seat/Saddle 2,Components,Saddles,Current
520,SE-R995,15,HL Road Seat/Saddle,NA,NULL,R ,HL Road Seat/Saddle 2,Components,Saddles,Current
521,SE-T312,15,LL Touring Seat/Saddle,NA,NULL,T ,LL Touring Seat/Saddle,Components,Saddles,Current
522,SE-T762,15,ML Touring Seat/Saddle,NA,NULL,T ,ML Touring Seat/Saddle,Components,Saddles,Current
523,SE-T924,15,HL Touring Seat/Saddle,NA,NULL,T ,HL Touring Seat/Saddle,Components,Saddles,Current
524,FR-M21S-42,12,"LL Mountain Frame - Silver, 42",Silver,42,M ,LL Mountain Frame,Components,Mountain Frames,Current
525,FR-M21S-44,12,"LL Mountain Frame - Silver, 44",Silver,44,M ,LL Mountain Frame,Components,Mountain Frames,Current
526,FR-M21S-48,12,"LL Mountain Frame - Silver, 48",Silver,48,M ,LL Mountain Frame,Components,Mountain Frames,Current
527,FR-M21S-52,12,"LL Mountain Frame - Silver, 52",Silver,52,M ,LL Mountain Frame,Components,Mountain Frames,Current
528,TT-M928,37,Mountain Tire Tube,NA,NULL,M ,Mountain Tire Tube,Accessories,Tires and Tubes,Current
529,TT-R982,37,Road Tire Tube,NA,NULL,R ,Road Tire Tube,Accessories,Tires and Tubes,Current
530,TT-T092,37,Touring Tire Tube,NA,NULL,T ,Touring Tire Tube,Accessories,Tires and Tubes,Current
531,FR-M21B-42,12,"LL Mountain Frame - Black, 42",Black,42,M ,LL Mountain Frame,Components,Mountain Frames,Current
532,FR-M21B-44,12,"LL Mountain Frame - Black, 44",Black,44,M ,LL Mountain Frame,Components,Mountain Frames,Current
533,FR-M21B-48,12,"LL Mountain Frame - Black, 48",Black,48,M ,LL Mountain Frame,Components,Mountain Frames,Current
534,FR-M21B-52,12,"LL Mountain Frame - Black, 52",Black,52,M ,LL Mountain Frame,Components,Mountain Frames,Current
535,TI-M267,37,LL Mountain Tire,NA,NULL,M ,LL Mountain Tire,Accessories,Tires and Tubes,Current
536,TI-M602,37,ML Mountain Tire,NA,NULL,M ,ML Mountain Tire,Accessories,Tires and Tubes,Current
537,TI-M823,37,HL Mountain Tire,NA,NULL,M ,HL Mountain Tire,Accessories,Tires and Tubes,Current
538,TI-R092,37,LL Road Tire,NA,NULL,R ,LL Road Tire,Accessories,Tires and Tubes,Current
539,TI-R628,37,ML Road Tire,NA,NULL,R ,ML Road Tire,Accessories,Tires and Tubes,Current
540,TI-R982,37,HL Road Tire,NA,NULL,R ,HL Road Tire,Accessories,Tires and Tubes,Current
541,TI-T723,37,Touring Tire,NA,NULL,T ,Touring Tire,Accessories,Tires and Tubes,Current
542,PD-M282,13,LL Mountain Pedal,Silver/Black,NULL,M ,LL Mountain Pedal,Components,Pedals,Current
543,PD-M340,13,ML Mountain Pedal,Silver/Black,NULL,M ,ML Mountain Pedal,Components,Pedals,Current
544,PD-M562,13,HL Mountain Pedal,Silver/Black,NULL,M ,HL Mountain Pedal,Components,Pedals,Current
545,PD-R347,13,LL Road Pedal,Silver/Black,NULL,R ,LL Road Pedal,Components,Pedals,Current
546,PD-R563,13,ML Road Pedal,Silver/Black,NULL,R ,ML Road Pedal,Components,Pedals,Current
547,PD-R853,13,HL Road Pedal,Silver/Black,NULL,R ,HL Road Pedal,Components,Pedals,Current
548,PD-T852,13,Touring Pedal,Silver/Black,NULL,T ,Touring Pedal,Components,Pedals,Current
549,FR-M63S-38,12,"ML Mountain Frame-W - Silver, 38",Silver,38,M ,ML Mountain Frame-W,Components,Mountain Frames,Current
550,FR-M21B-40,12,"LL Mountain Frame - Black, 40",Black,40,M ,LL Mountain Frame,Components,Mountain Frames,Current
551,FR-M21S-40,12,"LL Mountain Frame - Silver, 40",Silver,40,M ,LL Mountain Frame,Components,Mountain Frames,Current
552,FD-2342,9,Front Derailleur,Silver,NULL,NULL,Front Derailleur,Components,Derailleurs,Current
553,HB-T721,4,LL Touring Handlebars,NA,NULL,T ,LL Touring Handlebars,Components,Handlebars,Current
554,HB-T928,4,HL Touring Handlebars,NA,NULL,T ,HL Touring Handlebars,Components,Handlebars,Current
555,FB-9873,6,Front Brakes,Silver,NULL,NULL,Front Brakes,Components,Brakes,Current
556,CS-4759,8,LL Crankset,Black,NULL,NULL,LL Crankset,Components,Cranksets,Current
557,CS-6583,8,ML Crankset,Black,NULL,NULL,ML Crankset,Components,Cranksets,Current
558,CS-9183,8,HL Crankset,Black,NULL,NULL,HL Crankset,Components,Cranksets,Current
559,CH-0234,7,Chain,Silver,NULL,NULL,Chain,Components,Chains,Current
560,BK-T44U-60,3,"Touring-2000 Blue, 60",Blue,60,T ,Touring-2000,Bikes,Touring Bikes,Current
561,BK-T79Y-46,3,"Touring-1000 Yellow, 46",Yellow,46,T ,Touring-1000,Bikes,Touring Bikes,Current
562,BK-T79Y-50,3,"Touring-1000 Yellow, 50",Yellow,50,T ,Touring-1000,Bikes,Touring Bikes,Current
563,BK-T79Y-54,3,"Touring-1000 Yellow, 54",Yellow,54,T ,Touring-1000,Bikes,Touring Bikes,Current
564,BK-T79Y-60,3,"Touring-1000 Yellow, 60",Yellow,60,T ,Touring-1000,Bikes,Touring Bikes,Current
565,BK-T18U-54,3,"Touring-3000 Blue, 54",Blue,54,T ,Touring-3000,Bikes,Touring Bikes,Current
566,BK-T18U-58,3,"Touring-3000 Blue, 58",Blue,58,T ,Touring-3000,Bikes,Touring Bikes,Current
567,BK-T18U-62,3,"Touring-3000 Blue, 62",Blue,62,T ,Touring-3000,Bikes,Touring Bikes,Current
568,BK-T18Y-44,3,"Touring-3000 Yellow, 44",Yellow,44,T ,Touring-3000,Bikes,Touring Bikes,Current
569,BK-T18Y-50,3,"Touring-3000 Yellow, 50",Yellow,50,T ,Touring-3000,Bikes,Touring Bikes,Current
570,BK-T18Y-54,3,"Touring-3000 Yellow, 54",Yellow,54,T ,Touring-3000,Bikes,Touring Bikes,Current
571,BK-T18Y-58,3,"Touring-3000 Yellow, 58",Yellow,58,T ,Touring-3000,Bikes,Touring Bikes,Current
572,BK-T18Y-62,3,"Touring-3000 Yellow, 62",Yellow,62,T ,Touring-3000,Bikes,Touring Bikes,Current
573,BK-T79U-46,3,"Touring-1000 Blue, 46",Blue,46,T ,Touring-1000,Bikes,Touring Bikes,Current
574,BK-T79U-50,3,"Touring-1000 Blue, 50",Blue,50,T ,Touring-1000,Bikes,Touring Bikes,Current
575,BK-T79U-54,3,"Touring-1000 Blue, 54",Blue,54,T ,Touring-1000,Bikes,Touring Bikes,Current
576,BK-T79U-60,3,"Touring-1000 Blue, 60",Blue,60,T ,Touring-1000,Bikes,Touring Bikes,Current
577,BK-T44U-46,3,"Touring-2000 Blue, 46",Blue,46,T ,Touring-2000,Bikes,Touring Bikes,Current
578,BK-T44U-50,3,"Touring-2000 Blue, 50",Blue,50,T ,Touring-2000,Bikes,Touring Bikes,Current
579,BK-T44U-54,3,"Touring-2000 Blue, 54",Blue,54,T ,Touring-2000,Bikes,Touring Bikes,Current
580,BK-R79Y-40,2,"Road-350-W Yellow, 40",Yellow,40,R ,Road-350-W,Bikes,Road Bikes,Current
581,BK-R79Y-42,2,"Road-350-W Yellow, 42",Yellow,42,R ,Road-350-W,Bikes,Road Bikes,Current
582,BK-R79Y-44,2,"Road-350-W Yellow, 44",Yellow,44,R ,Road-350-W,Bikes,Road Bikes,Current
583,BK-R79Y-48,2,"Road-350-W Yellow, 48",Yellow,48,R ,Road-350-W,Bikes,Road Bikes,Current
584,BK-R19B-58,2,"Road-750 Black, 58",Black,58,R ,Road-750,Bikes,Road Bikes,Current
585,BK-T18U-44,3,"Touring-3000 Blue, 44",Blue,44,T ,Touring-3000,Bikes,Touring Bikes,Current
586,BK-T18U-50,3,"Touring-3000 Blue, 50",Blue,50,T ,Touring-3000,Bikes,Touring Bikes,Current
587,BK-M38S-38,1,"Mountain-400-W Silver, 38",Silver,38,M ,Mountain-400-W,Bikes,Mountain Bikes,Current
588,BK-M38S-40,1,"Mountain-400-W Silver, 40",Silver,40,M ,Mountain-400-W,Bikes,Mountain Bikes,Current
589,BK-M38S-42,1,"Mountain-400-W Silver, 42",Silver,42,M ,Mountain-400-W,Bikes,Mountain Bikes,Current
590,BK-M38S-46,1,"Mountain-400-W Silver, 46",Silver,46,M ,Mountain-400-W,Bikes,Mountain Bikes,Current
591,BK-M18S-40,1,"Mountain-500 Silver, 40",Silver,40,M ,Mountain-500,Bikes,Mountain Bikes,Current
592,BK-M18S-42,1,"Mountain-500 Silver, 42",Silver,42,M ,Mountain-500,Bikes,Mountain Bikes,Current
593,BK-M18S-44,1,"Mountain-500 Silver, 44",Silver,44,M ,Mountain-500,Bikes,Mountain Bikes,Current
594,BK-M18S-48,1,"Mountain-500 Silver, 48",Silver,48,M ,Mountain-500,Bikes,Mountain Bikes,Current
595,BK-M18S-52,1,"Mountain-500 Silver, 52",Silver,52,M ,Mountain-500,Bikes,Mountain Bikes,Current
596,BK-M18B-40,1,"Mountain-500 Black, 40",Black,40,M ,Mountain-500,Bikes,Mountain Bikes,Current
597,BK-M18B-42,1,"Mountain-500 Black, 42",Black,42,M ,Mountain-500,Bikes,Mountain Bikes,Current
598,BK-M18B-44,1,"Mountain-500 Black, 44",Black,44,M ,Mountain-500,Bikes,Mountain Bikes,Current
599,BK-M18B-48,1,"Mountain-500 Black, 48",Black,48,M ,Mountain-500,Bikes,Mountain Bikes,Current
600,BK-M18B-52,1,"Mountain-500 Black, 52",Black,52,M ,Mountain-500,Bikes,Mountain Bikes,Current
601,BB-7421,5,LL Bottom Bracket,NA,NULL,NULL,LL Bottom Bracket,Components,Bottom Brackets,Current
602,BB-8107,5,ML Bottom Bracket,NA,NULL,NULL,ML Bottom Bracket,Components,Bottom Brackets,Current
603,BB-9108,5,HL Bottom Bracket,NA,NULL,NULL,HL Bottom Bracket,Components,Bottom Brackets,Current
604,BK-R19B-44,2,"Road-750 Black, 44",Black,44,R ,Road-750,Bikes,Road Bikes,Current
605,BK-R19B-48,2,"Road-750 Black, 48",Black,48,R ,Road-750,Bikes,Road Bikes,Current
606,BK-R19B-52,2,"Road-750 Black, 52",Black,52,R ,Road-750,Bikes,Road Bikes,Current
